{
  "hash": "d9a5d7e5",
  "configHash": "87c44bee",
  "lockfileHash": "2387c7a8",
  "browserHash": "982295d2",
  "optimized": {
    "@angular/common": {
      "src": "../../../../../../node_modules/@angular/common/fesm2022/common.mjs",
      "file": "@angular_common.js",
      "fileHash": "8f3f87f9",
      "needsInterop": false
    },
    "@angular/common/http": {
      "src": "../../../../../../node_modules/@angular/common/fesm2022/http.mjs",
      "file": "@angular_common_http.js",
      "fileHash": "9f30e425",
      "needsInterop": false
    },
    "@angular/core": {
      "src": "../../../../../../node_modules/@angular/core/fesm2022/core.mjs",
      "file": "@angular_core.js",
      "fileHash": "acfc71d4",
      "needsInterop": false
    },
    "@angular/forms": {
      "src": "../../../../../../node_modules/@angular/forms/fesm2022/forms.mjs",
      "file": "@angular_forms.js",
      "fileHash": "a274db4b",
      "needsInterop": false
    },
    "@angular/platform-browser": {
      "src": "../../../../../../node_modules/@angular/platform-browser/fesm2022/platform-browser.mjs",
      "file": "@angular_platform-browser.js",
      "fileHash": "70c5b6df",
      "needsInterop": false
    },
    "@angular/router": {
      "src": "../../../../../../node_modules/@angular/router/fesm2022/router.mjs",
      "file": "@angular_router.js",
      "fileHash": "df4f4fa5",
      "needsInterop": false
    }
  },
  "chunks": {
    "chunk-7Y7DSUSQ": {
      "file": "chunk-7Y7DSUSQ.js"
    },
    "chunk-Z7LUGPOX": {
      "file": "chunk-Z7LUGPOX.js"
    },
    "chunk-HJSLYVXA": {
      "file": "chunk-HJSLYVXA.js"
    },
    "chunk-Z3GLR2YK": {
      "file": "chunk-Z3GLR2YK.js"
    }
  }
}